code,sort,fa,ps,en
AF-BDS,1,بدخشان,بدخشان,Badakhshan
AF-BDG,2,بادغیس,بادغیس,Badghis
AF-BGL,3,بغلان,بغلان,Baghlan
AF-BAL,4,بلخ,بلخ,Balkh
AF-BAM,5,بامیان,بامیان,Bamyan
AF-DAY,6,دایکندی,دایکنډي,Daykundi
AF-FRA,7,فراه,فراه,Farah
AF-FYB,8,فاریاب,فاریاب,Faryab
AF-GHA,9,غزنی,غزني,Ghazni
AF-GHO,10,غور,غور,Ghor
AF-HEL,11,هلمند,هلمند,Helmand
AF-HER,12,هرات,هرات,Herat
AF-JOW,13,جوزجان,جوزجان,Jowzjan
AF-KAB,14,کابل,کابل,Kabul
AF-KAN,15,کندهار,کندهار,Kandahar
AF-KAP,16,کاپیسا,کاپیسا,Kapisa
AF-KHO,17,خوست,خوست,Khost
AF-KNR,18,کنر,کونړ,Kunar
AF-KDZ,19,کندز,کندز,Kunduz
AF-LAG,20,لغمان,لغمان,Laghman
AF-LOG,21,لوگر,لوګر,Logar
AF-NAN,22,ننگرهار,ننګرهار,Nangarhar
AF-NIM,23,نیمروز,نیمروز,Nimroz
AF-NUR,24,نورستان,نورستان,Nuristan
AF-PIA,25,پکتیا,پکتیا,Paktiya
AF-PKA,26,پکتیکا,پکتیکا,Paktika
AF-PAN,27,پنجشیر,پنجشیر,Panjshir
AF-PAR,28,پروان,پروان,Parwan
AF-SAM,29,سمنگان,سمنګان,Samangan
AF-SAR,30,سرپل,سرپل,Sar-e Pol
AF-TAK,31,تخار,تخار,Takhar
AF-URU,32,ارزگان,ارزګان,Uruzgan
AF-WAR,33,میدان وردک,میدان وردګ,Maidan Wardak
AF-ZAB,34,زابل,زابل,Zabul
